Iteration,File Group,Num Channels,Channel,Files Sent,Total Size (MB),Time Taken (s),Bandwidth (MB/s)
1,small,1,Channel 1,10,68.0,1.090763807296753,62.34163578320851
1,small,2,Channel 1,5,37.0,1.3293590545654297,27.832961962331073
1,small,2,Channel 2,5,31.0,1.4672770500183105,21.127570965287806
1,small,3,Channel 1,4,28.0,1.3197364807128906,21.216356756975497
1,small,3,Channel 2,3,20.0,1.1613149642944336,17.22185678727662
1,small,3,Channel 3,3,20.0,1.181164264678955,16.93244589094987
1,small,4,Channel 1,3,20.0,1.315809726715088,15.199766040588479
1,small,4,Channel 2,3,23.0,1.3828060626983643,16.632845791201206
1,small,4,Channel 3,2,11.0,1.0282924175262451,10.697346214477212
1,small,4,Channel 4,2,14.0,1.2323119640350342,11.360759619795418
1,small,5,Channel 1,2,13.0,1.2328059673309326,10.545049541044524
1,small,5,Channel 2,2,15.0,1.5931355953216553,9.415394423455519
1,small,5,Channel 3,2,15.0,1.5740845203399658,9.529348523648748
1,small,5,Channel 4,2,11.0,1.4904706478118896,7.380219138262625
1,small,5,Channel 5,2,14.0,1.5166070461273193,9.231132108840736
1,small,6,Channel 1,2,13.0,1.0829746723175049,12.003974176220328
1,small,6,Channel 2,2,15.0,1.265399694442749,11.853962084766925
1,small,6,Channel 3,2,15.0,1.243795394897461,12.059861341773667
1,small,6,Channel 4,2,11.0,1.0726935863494873,10.254559307504017
1,small,6,Channel 5,1,5.0,0.603107213973999,8.290399922517853
1,small,6,Channel 6,1,9.0,0.9246406555175781,9.733511009162957
1,small,7,Channel 1,2,13.0,1.0443530082702637,12.447898265292098
1,small,7,Channel 2,2,15.0,1.03342866897583,14.514789893399813
1,small,7,Channel 3,2,15.0,1.043835163116455,14.3700849808664
1,small,7,Channel 4,1,5.0,0.4075937271118164,12.267117149789538
1,small,7,Channel 5,1,6.0,0.7849540710449219,7.64375932468618
1,small,7,Channel 6,1,5.0,0.5244269371032715,9.534216582424307
1,small,7,Channel 7,1,9.0,0.9354522228240967,9.621015141563642
1,small,8,Channel 1,2,13.0,0.8525733947753906,15.247954111240867
1,small,8,Channel 2,2,15.0,0.932159423828125,16.09166803077427
1,small,8,Channel 3,1,9.0,0.7770304679870605,11.58255740384928
1,small,8,Channel 4,1,6.0,0.6294870376586914,9.531570375644822
1,small,8,Channel 5,1,5.0,0.566868782043457,8.820383408618703
1,small,8,Channel 6,1,6.0,0.6261928081512451,9.581713366709272
1,small,8,Channel 7,1,5.0,0.46440768241882324,10.766402428913267
1,small,8,Channel 8,1,9.0,0.7102270126342773,12.6720046406267
1,small,9,Channel 1,2,13.0,0.9804353713989258,13.259415540517537
1,small,9,Channel 2,1,7.0,0.7532751560211182,9.292753045214933
1,small,9,Channel 3,1,8.0,0.894932746887207,8.939219207058786
1,small,9,Channel 4,1,9.0,0.9137890338897705,9.849100466536854
1,small,9,Channel 5,1,6.0,0.7616097927093506,7.878049963952802
1,small,9,Channel 6,1,5.0,0.6319637298583984,7.911846461695404
1,small,9,Channel 7,1,6.0,0.7314302921295166,8.203105702023018
1,small,9,Channel 8,1,5.0,0.6782734394073486,7.371658256836392
1,small,9,Channel 9,1,9.0,0.8709726333618164,10.333275300811032
1,small,10,Channel 1,1,5.0,0.6453385353088379,7.747871429384213
1,small,10,Channel 2,1,8.0,0.9902184009552002,8.079025790959765
1,small,10,Channel 3,1,7.0,0.9568264484405518,7.3158512825483575
1,small,10,Channel 4,1,8.0,0.9927127361297607,8.058726063281103
1,small,10,Channel 5,1,9.0,1.0679855346679688,8.427080431195217
1,small,10,Channel 6,1,6.0,0.9186007976531982,6.53167296972585
1,small,10,Channel 7,1,5.0,0.8360376358032227,5.980592004325563
1,small,10,Channel 8,1,6.0,0.9181137084960938,6.535138234487572
1,small,10,Channel 9,1,5.0,0.8279569149017334,6.038961581223617
1,small,10,Channel 10,1,9.0,0.9815795421600342,9.168895248361506
1,small,11,Channel 1,1,5.0,0.619600772857666,8.069712335798837
1,small,11,Channel 2,1,8.0,0.8928258419036865,8.960314122340334
1,small,11,Channel 3,1,7.0,0.8345789909362793,8.38746251226261
1,small,11,Channel 4,1,8.0,0.8720316886901855,9.173978542014005
1,small,11,Channel 5,1,9.0,0.8842122554779053,10.178551523395948
1,small,11,Channel 6,1,6.0,0.8577010631561279,6.99544428442409
1,small,11,Channel 7,1,5.0,0.752479076385498,6.644703031501277
1,small,11,Channel 8,1,6.0,0.6895842552185059,8.700894712421768
1,small,11,Channel 9,1,5.0,0.7392795085906982,6.763341796841616
1,small,11,Channel 10,1,9.0,0.7217211723327637,12.470189797688759
1,small,11,Channel 11,0,0.0,0,0.0
1,small,12,Channel 1,1,5.0,0.23498058319091797,21.278353862700136
1,small,12,Channel 2,1,8.0,0.8929286003112793,8.959282967542041
1,small,12,Channel 3,1,7.0,0.8545210361480713,8.191723437908486
1,small,12,Channel 4,1,8.0,0.7860531806945801,10.17742844438459
1,small,12,Channel 5,1,9.0,0.874483585357666,10.291788377387297
1,small,12,Channel 6,1,6.0,0.7412745952606201,8.094166505045944
1,small,12,Channel 7,1,5.0,0.7146766185760498,6.996171233308569
1,small,12,Channel 8,1,6.0,0.7326009273529053,8.189997822797878
1,small,12,Channel 9,1,5.0,0.5613317489624023,8.907388561652331
1,small,12,Channel 10,1,9.0,0.7906427383422852,11.383143819002255
1,small,12,Channel 11,0,0.0,0,0.0
1,small,12,Channel 12,0,0.0,0,0.0
1,small,13,Channel 1,1,5.0,0.620413064956665,8.059146852990986
1,small,13,Channel 2,1,8.0,0.8550078868865967,9.356638836550374
1,small,13,Channel 3,1,7.0,0.8707902431488037,8.038675278087394
1,small,13,Channel 4,1,8.0,0.9115290641784668,8.776461787546133
1,small,13,Channel 5,1,9.0,0.9321236610412598,9.655371251863997
1,small,13,Channel 6,1,6.0,0.8338830471038818,7.195253604013542
1,small,13,Channel 7,1,5.0,0.7446994781494141,6.714117770600635
1,small,13,Channel 8,1,6.0,0.8402040004730225,7.141122866139757
1,small,13,Channel 9,1,5.0,0.7925713062286377,6.3085806421531245
1,small,13,Channel 10,1,9.0,0.8763525485992432,10.269839477714246
1,small,13,Channel 11,0,0.0,0,0.0
1,small,13,Channel 12,0,0.0,0,0.0
1,small,13,Channel 13,0,0.0,0,0.0
1,small,14,Channel 1,1,5.0,0.7066435813903809,7.0757028460685625
1,small,14,Channel 2,1,8.0,0.976689338684082,8.190936138177365
1,small,14,Channel 3,1,7.0,0.9172170162200928,7.631781657134346
1,small,14,Channel 4,1,8.0,0.9672040939331055,8.271263583540314
1,small,14,Channel 5,1,9.0,1.0576186180114746,8.509683780833702
1,small,14,Channel 6,1,6.0,0.8184542655944824,7.330892210137011
1,small,14,Channel 7,1,5.0,0.7681336402893066,6.509283980996876
1,small,14,Channel 8,1,6.0,0.8321285247802734,7.21042461750043
1,small,14,Channel 9,1,5.0,0.7799992561340332,6.41026252355914
1,small,14,Channel 10,1,9.0,0.9597880840301514,9.377069948825566
1,small,14,Channel 11,0,0.0,0,0.0
1,small,14,Channel 12,0,0.0,0,0.0
1,small,14,Channel 13,0,0.0,0,0.0
1,small,14,Channel 14,0,0.0,0,0.0
1,small,15,Channel 1,1,5.0,0.7908203601837158,6.32254839624823
1,small,15,Channel 2,1,8.0,1.0312001705169678,7.757950617860536
1,small,15,Channel 3,1,7.0,0.9771318435668945,7.163823434970042
1,small,15,Channel 4,1,8.0,1.0410470962524414,7.684570687338142
1,small,15,Channel 5,1,9.0,1.0638186931610107,8.46008822542643
1,small,15,Channel 6,1,6.0,0.8740942478179932,6.864248351911521
1,small,15,Channel 7,1,5.0,0.8535683155059814,5.857761949652596
1,small,15,Channel 8,1,6.0,0.9433431625366211,6.360357755566047
1,small,15,Channel 9,1,5.0,0.7779338359832764,6.4272818184855085
1,small,15,Channel 10,1,9.0,1.0029025077819824,8.973953031490952
1,small,15,Channel 11,0,0.0,0,0.0
1,small,15,Channel 12,0,0.0,0,0.0
1,small,15,Channel 13,0,0.0,0,0.0
1,small,15,Channel 14,0,0.0,0,0.0
1,small,15,Channel 15,0,0.0,0,0.0
1,small,16,Channel 1,1,5.0,0.35111021995544434,14.240542473057312
1,small,16,Channel 2,1,8.0,0.8108630180358887,9.86603140364939
1,small,16,Channel 3,1,7.0,0.42622947692871094,16.423078127866756
1,small,16,Channel 4,1,8.0,0.8233499526977539,9.716403060190306
1,small,16,Channel 5,1,9.0,0.8420124053955078,10.688678625551299
1,small,16,Channel 6,1,6.0,0.755866289138794,7.937911884966027
1,small,16,Channel 7,1,5.0,0.6538617610931396,7.646876293302267
1,small,16,Channel 8,1,6.0,0.7183377742767334,8.35261657517756
1,small,16,Channel 9,1,5.0,0.6438851356506348,7.765360191065114
1,small,16,Channel 10,1,9.0,0.6845841407775879,13.14666739106359
1,small,16,Channel 11,0,0.0,0,0.0
1,small,16,Channel 12,0,0.0,0,0.0
1,small,16,Channel 13,0,0.0,0,0.0
1,small,16,Channel 14,0,0.0,0,0.0
1,small,16,Channel 15,0,0.0,0,0.0
1,small,16,Channel 16,0,0.0,0,0.0
1,small,17,Channel 1,1,5.0,0.5205020904541016,9.606109354215755
1,small,17,Channel 2,1,8.0,1.1529831886291504,6.938522676563629
1,small,17,Channel 3,1,7.0,1.2513518333435059,5.593950329138524
1,small,17,Channel 4,1,8.0,1.2824058532714844,6.238274708113334
1,small,17,Channel 5,1,9.0,1.2669141292572021,7.1038753078527455
1,small,17,Channel 6,1,6.0,1.0194480419158936,5.8855378138977406
1,small,17,Channel 7,1,5.0,0.9614882469177246,5.200271574851454
1,small,17,Channel 8,1,6.0,1.154362440109253,5.197674310532954
1,small,17,Channel 9,1,5.0,0.8570277690887451,5.834116676658409
1,small,17,Channel 10,1,9.0,1.215571641921997,7.403923956114737
1,small,17,Channel 11,0,0.0,0,0.0
1,small,17,Channel 12,0,0.0,0,0.0
1,small,17,Channel 13,0,0.0,0,0.0
1,small,17,Channel 14,0,0.0,0,0.0
1,small,17,Channel 15,0,0.0,0,0.0
1,small,17,Channel 16,0,0.0,0,0.0
1,small,17,Channel 17,0,0.0,0,0.0
1,small,18,Channel 1,1,5.0,0.6228845119476318,8.027170212285466
1,small,18,Channel 2,1,8.0,1.0327200889587402,7.746532759003607
1,small,18,Channel 3,1,7.0,0.9345388412475586,7.490325378724099
1,small,18,Channel 4,1,8.0,1.0064160823822021,7.94899857031684
1,small,18,Channel 5,1,9.0,1.087113380432129,8.278805285629442
1,small,18,Channel 6,1,6.0,0.9932615756988525,6.0407048322376085
1,small,18,Channel 7,1,5.0,0.8850092887878418,5.649658216410677
1,small,18,Channel 8,1,6.0,0.9291529655456543,6.457494322774335
1,small,18,Channel 9,1,5.0,0.8091244697570801,6.179518957696494
1,small,18,Channel 10,1,9.0,0.9948060512542725,9.04698960028702
1,small,18,Channel 11,0,0.0,0,0.0
1,small,18,Channel 12,0,0.0,0,0.0
1,small,18,Channel 13,0,0.0,0,0.0
1,small,18,Channel 14,0,0.0,0,0.0
1,small,18,Channel 15,0,0.0,0,0.0
1,small,18,Channel 16,0,0.0,0,0.0
1,small,18,Channel 17,0,0.0,0,0.0
1,small,18,Channel 18,0,0.0,0,0.0
1,small,19,Channel 1,1,5.0,0.831674337387085,6.011968597839346
1,small,19,Channel 2,1,8.0,1.1015512943267822,7.262485225337812
1,small,19,Channel 3,1,7.0,1.0588569641113281,6.610902357217741
1,small,19,Channel 4,1,8.0,1.1590361595153809,6.9022868133337445
1,small,19,Channel 5,1,9.0,1.1649901866912842,7.725386962752974
1,small,19,Channel 6,1,6.0,0.9791004657745361,6.128073890000231
1,small,19,Channel 7,1,5.0,0.8857853412628174,5.644708449195789
1,small,19,Channel 8,1,6.0,1.0089952945709229,5.946509396311418
1,small,19,Channel 9,1,5.0,0.8353521823883057,5.985499416192099
1,small,19,Channel 10,1,9.0,1.109647274017334,8.110685449995897
1,small,19,Channel 11,0,0.0,0,0.0
1,small,19,Channel 12,0,0.0,0,0.0
1,small,19,Channel 13,0,0.0,0,0.0
1,small,19,Channel 14,0,0.0,0,0.0
1,small,19,Channel 15,0,0.0,0,0.0
1,small,19,Channel 16,0,0.0,0,0.0
1,small,19,Channel 17,0,0.0,0,0.0
1,small,19,Channel 18,0,0.0,0,0.0
1,small,19,Channel 19,0,0.0,0,0.0
1,small,20,Channel 1,1,5.0,0.6281964778900146,7.959293272057163
1,small,20,Channel 2,1,8.0,0.6868255138397217,11.64779094369358
1,small,20,Channel 3,1,7.0,0.7916388511657715,8.842415944709844
1,small,20,Channel 4,1,8.0,0.8365375995635986,9.563228244819367
1,small,20,Channel 5,1,9.0,0.8639519214630127,10.417246349495278
1,small,20,Channel 6,1,6.0,0.7691218852996826,7.801104239365318
1,small,20,Channel 7,1,5.0,0.7072763442993164,7.069372587250028
1,small,20,Channel 8,1,6.0,0.7483463287353516,8.017678138595995
1,small,20,Channel 9,1,5.0,0.687171220779419,7.276206931845583
1,small,20,Channel 10,1,9.0,0.811211347579956,11.094519359041543
1,small,20,Channel 11,0,0.0,0,0.0
1,small,20,Channel 12,0,0.0,0,0.0
1,small,20,Channel 13,0,0.0,0,0.0
1,small,20,Channel 14,0,0.0,0,0.0
1,small,20,Channel 15,0,0.0,0,0.0
1,small,20,Channel 16,0,0.0,0,0.0
1,small,20,Channel 17,0,0.0,0,0.0
1,small,20,Channel 18,0,0.0,0,0.0
1,small,20,Channel 19,0,0.0,0,0.0
1,small,20,Channel 20,0,0.0,0,0.0
1,medium,1,Channel 1,5,153.0,2.2635490894317627,67.59296748382376
1,medium,2,Channel 1,3,82.0,2.2793233394622803,35.975589149780205
1,medium,2,Channel 2,2,71.0,2.114891529083252,33.571461715001796
1,medium,3,Channel 1,2,69.0,1.816396713256836,37.987296220263254
1,medium,3,Channel 2,2,44.0,1.6472280025482178,26.711542016000926
1,medium,3,Channel 3,1,40.0,1.4540290832519531,27.509766111788856
1,medium,4,Channel 1,2,69.0,1.8786687850952148,36.728134595850506
1,medium,4,Channel 2,1,13.0,0.610492467880249,21.294284014901248
1,medium,4,Channel 3,1,31.0,1.1660566329956055,26.585329668217607
1,medium,4,Channel 4,1,40.0,1.587512731552124,25.19664831972193
1,medium,5,Channel 1,1,33.0,1.7560951709747314,18.791692241647215
1,medium,5,Channel 2,1,36.0,1.8893814086914062,19.05385531708696
1,medium,5,Channel 3,1,13.0,1.0133633613586426,12.828567220518574
1,medium,5,Channel 4,1,31.0,1.779965877532959,17.41606420172849
1,medium,5,Channel 5,1,40.0,1.9073550701141357,20.971449221358878
1,medium,6,Channel 1,1,33.0,1.4712305068969727,22.430203727627653
1,medium,6,Channel 2,1,36.0,1.5820987224578857,22.754585089400635
1,medium,6,Channel 3,1,13.0,0.7462513446807861,17.42040412076019
1,medium,6,Channel 4,1,31.0,1.4104106426239014,21.979414408223825
1,medium,6,Channel 5,1,40.0,1.598832607269287,25.018253829785014
1,medium,6,Channel 6,0,0.0,0,0.0
1,medium,7,Channel 1,1,33.0,1.4903795719146729,22.14201041255906
1,medium,7,Channel 2,1,36.0,1.5379078388214111,23.408424803653325
1,medium,7,Channel 3,1,13.0,0.7117481231689453,18.264888345781042
1,medium,7,Channel 4,1,31.0,1.4155235290527344,21.90002452360869
1,medium,7,Channel 5,1,40.0,1.5718371868133545,25.447928281359424
1,medium,7,Channel 6,0,0.0,0,0.0
1,medium,7,Channel 7,0,0.0,0,0.0
1,medium,8,Channel 1,1,33.0,1.6028757095336914,20.587996813302734
1,medium,8,Channel 2,1,36.0,1.680494785308838,21.42226224961715
1,medium,8,Channel 3,1,13.0,0.7271747589111328,17.87740820303791
1,medium,8,Channel 4,1,31.0,1.529764175415039,20.264561360635483
1,medium,8,Channel 5,1,40.0,1.6866183280944824,23.716094704835466
1,medium,8,Channel 6,0,0.0,0,0.0
1,medium,8,Channel 7,0,0.0,0,0.0
1,medium,8,Channel 8,0,0.0,0,0.0
1,medium,9,Channel 1,1,33.0,1.3569848537445068,24.318620734003595
1,medium,9,Channel 2,1,36.0,1.487597942352295,24.200087251447968
1,medium,9,Channel 3,1,13.0,0.760685920715332,17.08983911227789
1,medium,9,Channel 4,1,31.0,1.3385510444641113,23.15937081981871
1,medium,9,Channel 5,1,40.0,1.504955768585205,26.57885423277498
1,medium,9,Channel 6,0,0.0,0,0.0
1,medium,9,Channel 7,0,0.0,0,0.0
1,medium,9,Channel 8,0,0.0,0,0.0
1,medium,9,Channel 9,0,0.0,0,0.0
1,medium,10,Channel 1,1,33.0,1.7441389560699463,18.920510825788
1,medium,10,Channel 2,1,36.0,1.905040979385376,18.897231287704212
1,medium,10,Channel 3,1,13.0,0.9088060855865479,14.304481677859515
1,medium,10,Channel 4,1,31.0,1.648554801940918,18.804349096252245
1,medium,10,Channel 5,1,40.0,1.9214885234832764,20.817194331969237
1,medium,10,Channel 6,0,0.0,0,0.0
1,medium,10,Channel 7,0,0.0,0,0.0
1,medium,10,Channel 8,0,0.0,0,0.0
1,medium,10,Channel 9,0,0.0,0,0.0
1,medium,10,Channel 10,0,0.0,0,0.0
1,medium,11,Channel 1,1,33.0,1.9065911769866943,17.30837758945021
1,medium,11,Channel 2,1,36.0,1.976059913635254,18.218071097739482
1,medium,11,Channel 3,1,13.0,0.9357357025146484,13.892811789765489
1,medium,11,Channel 4,1,31.0,1.8623919486999512,16.645260962194158
1,medium,11,Channel 5,1,40.0,2.027886152267456,19.72497319697878
1,medium,11,Channel 6,0,0.0,0,0.0
1,medium,11,Channel 7,0,0.0,0,0.0
1,medium,11,Channel 8,0,0.0,0,0.0
1,medium,11,Channel 9,0,0.0,0,0.0
1,medium,11,Channel 10,0,0.0,0,0.0
1,medium,11,Channel 11,0,0.0,0,0.0
1,medium,12,Channel 1,1,33.0,1.6740987300872803,19.712099057789455
1,medium,12,Channel 2,1,36.0,1.787933588027954,20.134976064579163
1,medium,12,Channel 3,1,13.0,0.887005090713501,14.656060191878817
1,medium,12,Channel 4,1,31.0,1.5986933708190918,19.390835394605485
1,medium,12,Channel 5,1,40.0,1.7613730430603027,22.709556137240458
1,medium,12,Channel 6,0,0.0,0,0.0
1,medium,12,Channel 7,0,0.0,0,0.0
1,medium,12,Channel 8,0,0.0,0,0.0
1,medium,12,Channel 9,0,0.0,0,0.0
1,medium,12,Channel 10,0,0.0,0,0.0
1,medium,12,Channel 11,0,0.0,0,0.0
1,medium,12,Channel 12,0,0.0,0,0.0
1,medium,13,Channel 1,1,33.0,1.5210130214691162,21.696066722772667
1,medium,13,Channel 2,1,36.0,1.6125476360321045,22.32492187863855
1,medium,13,Channel 3,1,13.0,0.7292072772979736,17.82757852907144
1,medium,13,Channel 4,1,31.0,1.4779720306396484,20.97468650105887
1,medium,13,Channel 5,1,40.0,1.6193628311157227,24.70107330575227
1,medium,13,Channel 6,0,0.0,0,0.0
1,medium,13,Channel 7,0,0.0,0,0.0
1,medium,13,Channel 8,0,0.0,0,0.0
1,medium,13,Channel 9,0,0.0,0,0.0
1,medium,13,Channel 10,0,0.0,0,0.0
1,medium,13,Channel 11,0,0.0,0,0.0
1,medium,13,Channel 12,0,0.0,0,0.0
1,medium,13,Channel 13,0,0.0,0,0.0
1,medium,14,Channel 1,1,33.0,1.6938319206237793,19.482452537467385
1,medium,14,Channel 2,1,36.0,1.7419805526733398,20.666131975326824
1,medium,14,Channel 3,1,13.0,0.8804497718811035,14.76518072373983
1,medium,14,Channel 4,1,31.0,1.6854770183563232,18.392419275008088
1,medium,14,Channel 5,1,40.0,1.7889628410339355,22.359324119265608
1,medium,14,Channel 6,0,0.0,0,0.0
1,medium,14,Channel 7,0,0.0,0,0.0
1,medium,14,Channel 8,0,0.0,0,0.0
1,medium,14,Channel 9,0,0.0,0,0.0
1,medium,14,Channel 10,0,0.0,0,0.0
1,medium,14,Channel 11,0,0.0,0,0.0
1,medium,14,Channel 12,0,0.0,0,0.0
1,medium,14,Channel 13,0,0.0,0,0.0
1,medium,14,Channel 14,0,0.0,0,0.0
1,medium,15,Channel 1,1,33.0,1.7484958171844482,18.873365138006985
1,medium,15,Channel 2,1,36.0,1.7890136241912842,20.122820482305517
1,medium,15,Channel 3,1,13.0,0.8422911167144775,15.434093678571681
1,medium,15,Channel 4,1,31.0,1.744758129119873,17.76750569755916
1,medium,15,Channel 5,1,40.0,1.8423705101013184,21.71115949842264
1,medium,15,Channel 6,0,0.0,0,0.0
1,medium,15,Channel 7,0,0.0,0,0.0
1,medium,15,Channel 8,0,0.0,0,0.0
1,medium,15,Channel 9,0,0.0,0,0.0
1,medium,15,Channel 10,0,0.0,0,0.0
1,medium,15,Channel 11,0,0.0,0,0.0
1,medium,15,Channel 12,0,0.0,0,0.0
1,medium,15,Channel 13,0,0.0,0,0.0
1,medium,15,Channel 14,0,0.0,0,0.0
1,medium,15,Channel 15,0,0.0,0,0.0
1,medium,16,Channel 1,1,33.0,1.6542227268218994,19.9489460910743
1,medium,16,Channel 2,1,36.0,1.821829080581665,19.760360828418705
1,medium,16,Channel 3,1,13.0,0.9753799438476562,13.328139543979038
1,medium,16,Channel 4,1,31.0,1.7344300746917725,17.873306311013458
1,medium,16,Channel 5,1,40.0,1.822160243988037,21.951966152249454
1,medium,16,Channel 6,0,0.0,0,0.0
1,medium,16,Channel 7,0,0.0,0,0.0
1,medium,16,Channel 8,0,0.0,0,0.0
1,medium,16,Channel 9,0,0.0,0,0.0
1,medium,16,Channel 10,0,0.0,0,0.0
1,medium,16,Channel 11,0,0.0,0,0.0
1,medium,16,Channel 12,0,0.0,0,0.0
1,medium,16,Channel 13,0,0.0,0,0.0
1,medium,16,Channel 14,0,0.0,0,0.0
1,medium,16,Channel 15,0,0.0,0,0.0
1,medium,16,Channel 16,0,0.0,0,0.0
1,medium,17,Channel 1,1,33.0,1.4830303192138672,22.251736577774633
1,medium,17,Channel 2,1,36.0,1.5637295246124268,23.021884177139054
1,medium,17,Channel 3,1,13.0,0.681830644607544,19.06631815805623
1,medium,17,Channel 4,1,31.0,1.439380168914795,21.53704814717026
1,medium,17,Channel 5,1,40.0,1.5496926307678223,25.811570117734444
1,medium,17,Channel 6,0,0.0,0,0.0
1,medium,17,Channel 7,0,0.0,0,0.0
1,medium,17,Channel 8,0,0.0,0,0.0
1,medium,17,Channel 9,0,0.0,0,0.0
1,medium,17,Channel 10,0,0.0,0,0.0
1,medium,17,Channel 11,0,0.0,0,0.0
1,medium,17,Channel 12,0,0.0,0,0.0
1,medium,17,Channel 13,0,0.0,0,0.0
1,medium,17,Channel 14,0,0.0,0,0.0
1,medium,17,Channel 15,0,0.0,0,0.0
1,medium,17,Channel 16,0,0.0,0,0.0
1,medium,17,Channel 17,0,0.0,0,0.0
1,medium,18,Channel 1,1,33.0,1.513817548751831,21.799192397531048
1,medium,18,Channel 2,1,36.0,1.5790560245513916,22.798431113441694
1,medium,18,Channel 3,1,13.0,0.7978525161743164,16.293738173985698
1,medium,18,Channel 4,1,31.0,1.4650278091430664,21.160007889633658
1,medium,18,Channel 5,1,40.0,1.6048390865325928,24.92461726267136
1,medium,18,Channel 6,0,0.0,0,0.0
1,medium,18,Channel 7,0,0.0,0,0.0
1,medium,18,Channel 8,0,0.0,0,0.0
1,medium,18,Channel 9,0,0.0,0,0.0
1,medium,18,Channel 10,0,0.0,0,0.0
1,medium,18,Channel 11,0,0.0,0,0.0
1,medium,18,Channel 12,0,0.0,0,0.0
1,medium,18,Channel 13,0,0.0,0,0.0
1,medium,18,Channel 14,0,0.0,0,0.0
1,medium,18,Channel 15,0,0.0,0,0.0
1,medium,18,Channel 16,0,0.0,0,0.0
1,medium,18,Channel 17,0,0.0,0,0.0
1,medium,18,Channel 18,0,0.0,0,0.0
1,medium,19,Channel 1,1,33.0,1.4315712451934814,23.051594610326184
1,medium,19,Channel 2,1,36.0,1.5073494911193848,23.882981493074812
1,medium,19,Channel 3,1,13.0,0.730522632598877,17.79547877079693
1,medium,19,Channel 4,1,31.0,1.3795406818389893,22.471247429017907
1,medium,19,Channel 5,1,40.0,1.5317988395690918,26.113089373570975
1,medium,19,Channel 6,0,0.0,0,0.0
1,medium,19,Channel 7,0,0.0,0,0.0
1,medium,19,Channel 8,0,0.0,0,0.0
1,medium,19,Channel 9,0,0.0,0,0.0
1,medium,19,Channel 10,0,0.0,0,0.0
1,medium,19,Channel 11,0,0.0,0,0.0
1,medium,19,Channel 12,0,0.0,0,0.0
1,medium,19,Channel 13,0,0.0,0,0.0
1,medium,19,Channel 14,0,0.0,0,0.0
1,medium,19,Channel 15,0,0.0,0,0.0
1,medium,19,Channel 16,0,0.0,0,0.0
1,medium,19,Channel 17,0,0.0,0,0.0
1,medium,19,Channel 18,0,0.0,0,0.0
1,medium,19,Channel 19,0,0.0,0,0.0
1,medium,20,Channel 1,1,33.0,1.5499584674835205,21.29089307378545
1,medium,20,Channel 2,1,36.0,1.587916612625122,22.671215675793764
1,medium,20,Channel 3,1,13.0,0.6971027851104736,18.64861291285735
1,medium,20,Channel 4,1,31.0,1.4701354503631592,21.086492399283514
1,medium,20,Channel 5,1,40.0,1.5955045223236084,25.070439751399835
1,medium,20,Channel 6,0,0.0,0,0.0
1,medium,20,Channel 7,0,0.0,0,0.0
1,medium,20,Channel 8,0,0.0,0,0.0
1,medium,20,Channel 9,0,0.0,0,0.0
1,medium,20,Channel 10,0,0.0,0,0.0
1,medium,20,Channel 11,0,0.0,0,0.0
1,medium,20,Channel 12,0,0.0,0,0.0
1,medium,20,Channel 13,0,0.0,0,0.0
1,medium,20,Channel 14,0,0.0,0,0.0
1,medium,20,Channel 15,0,0.0,0,0.0
1,medium,20,Channel 16,0,0.0,0,0.0
1,medium,20,Channel 17,0,0.0,0,0.0
1,medium,20,Channel 18,0,0.0,0,0.0
1,medium,20,Channel 19,0,0.0,0,0.0
1,medium,20,Channel 20,0,0.0,0,0.0
1,large,1,Channel 1,2,184.0,1.7667789459228516,104.14432457700035
1,large,2,Channel 1,1,89.0,1.6818366050720215,52.91833923200211
1,large,2,Channel 2,1,95.0,1.7454066276550293,54.42857755595521
1,large,3,Channel 1,1,89.0,1.548628330230713,57.47021300245804
1,large,3,Channel 2,1,95.0,1.5728874206542969,60.39847401187904
1,large,3,Channel 3,0,0.0,0,0.0
1,large,4,Channel 1,1,89.0,1.628282070159912,54.65883438196884
1,large,4,Channel 2,1,95.0,1.6781203746795654,56.61095677843737
1,large,4,Channel 3,0,0.0,0,0.0
1,large,4,Channel 4,0,0.0,0,0.0
1,large,5,Channel 1,1,89.0,1.586789846420288,56.08808261584178
1,large,5,Channel 2,1,95.0,1.578139305114746,60.19747413432084
1,large,5,Channel 3,0,0.0,0,0.0
1,large,5,Channel 4,0,0.0,0,0.0
1,large,5,Channel 5,0,0.0,0,0.0
1,large,6,Channel 1,1,89.0,1.6468424797058105,54.04281289604506
1,large,6,Channel 2,1,95.0,1.7101659774780273,55.55016369820197
1,large,6,Channel 3,0,0.0,0,0.0
1,large,6,Channel 4,0,0.0,0,0.0
1,large,6,Channel 5,0,0.0,0,0.0
1,large,6,Channel 6,0,0.0,0,0.0
1,large,7,Channel 1,1,89.0,1.7103626728057861,52.035747397362705
1,large,7,Channel 2,1,95.0,1.7331762313842773,54.81266029371063
1,large,7,Channel 3,0,0.0,0,0.0
1,large,7,Channel 4,0,0.0,0,0.0
1,large,7,Channel 5,0,0.0,0,0.0
1,large,7,Channel 6,0,0.0,0,0.0
1,large,7,Channel 7,0,0.0,0,0.0
1,large,8,Channel 1,1,89.0,1.4835498332977295,59.991243976055124
1,large,8,Channel 2,1,95.0,1.547332525253296,61.395982085007
1,large,8,Channel 3,0,0.0,0,0.0
1,large,8,Channel 4,0,0.0,0,0.0
1,large,8,Channel 5,0,0.0,0,0.0
1,large,8,Channel 6,0,0.0,0,0.0
1,large,8,Channel 7,0,0.0,0,0.0
1,large,8,Channel 8,0,0.0,0,0.0
1,large,9,Channel 1,1,89.0,1.4663763046264648,60.69383399008979
1,large,9,Channel 2,1,95.0,1.529611587524414,62.107270090541014
1,large,9,Channel 3,0,0.0,0,0.0
1,large,9,Channel 4,0,0.0,0,0.0
1,large,9,Channel 5,0,0.0,0,0.0
1,large,9,Channel 6,0,0.0,0,0.0
1,large,9,Channel 7,0,0.0,0,0.0
1,large,9,Channel 8,0,0.0,0,0.0
1,large,9,Channel 9,0,0.0,0,0.0
1,large,10,Channel 1,1,89.0,1.3382694721221924,66.50379602462735
1,large,10,Channel 2,1,95.0,1.3947019577026367,68.11491120044364
1,large,10,Channel 3,0,0.0,0,0.0
1,large,10,Channel 4,0,0.0,0,0.0
1,large,10,Channel 5,0,0.0,0,0.0
1,large,10,Channel 6,0,0.0,0,0.0
1,large,10,Channel 7,0,0.0,0,0.0
1,large,10,Channel 8,0,0.0,0,0.0
1,large,10,Channel 9,0,0.0,0,0.0
1,large,10,Channel 10,0,0.0,0,0.0
1,large,11,Channel 1,1,89.0,1.949319839477539,45.65695079769669
1,large,11,Channel 2,1,95.0,2.1100451946258545,45.02273232912675
1,large,11,Channel 3,0,0.0,0,0.0
1,large,11,Channel 4,0,0.0,0,0.0
1,large,11,Channel 5,0,0.0,0,0.0
1,large,11,Channel 6,0,0.0,0,0.0
1,large,11,Channel 7,0,0.0,0,0.0
1,large,11,Channel 8,0,0.0,0,0.0
1,large,11,Channel 9,0,0.0,0,0.0
1,large,11,Channel 10,0,0.0,0,0.0
1,large,11,Channel 11,0,0.0,0,0.0
1,large,12,Channel 1,1,89.0,1.9817521572113037,44.90975305672918
1,large,12,Channel 2,1,95.0,2.0283491611480713,46.83611767622336
1,large,12,Channel 3,0,0.0,0,0.0
1,large,12,Channel 4,0,0.0,0,0.0
1,large,12,Channel 5,0,0.0,0,0.0
1,large,12,Channel 6,0,0.0,0,0.0
1,large,12,Channel 7,0,0.0,0,0.0
1,large,12,Channel 8,0,0.0,0,0.0
1,large,12,Channel 9,0,0.0,0,0.0
1,large,12,Channel 10,0,0.0,0,0.0
1,large,12,Channel 11,0,0.0,0,0.0
1,large,12,Channel 12,0,0.0,0,0.0
1,large,13,Channel 1,1,89.0,1.9723560810089111,45.12369792500865
1,large,13,Channel 2,1,95.0,2.0383734703063965,46.60578710618724
1,large,13,Channel 3,0,0.0,0,0.0
1,large,13,Channel 4,0,0.0,0,0.0
1,large,13,Channel 5,0,0.0,0,0.0
1,large,13,Channel 6,0,0.0,0,0.0
1,large,13,Channel 7,0,0.0,0,0.0
1,large,13,Channel 8,0,0.0,0,0.0
1,large,13,Channel 9,0,0.0,0,0.0
1,large,13,Channel 10,0,0.0,0,0.0
1,large,13,Channel 11,0,0.0,0,0.0
1,large,13,Channel 12,0,0.0,0,0.0
1,large,13,Channel 13,0,0.0,0,0.0
1,large,14,Channel 1,1,89.0,1.6277761459350586,54.675822730449774
1,large,14,Channel 2,1,95.0,1.6571383476257324,57.32774221060746
1,large,14,Channel 3,0,0.0,0,0.0
1,large,14,Channel 4,0,0.0,0,0.0
1,large,14,Channel 5,0,0.0,0,0.0
1,large,14,Channel 6,0,0.0,0,0.0
1,large,14,Channel 7,0,0.0,0,0.0
1,large,14,Channel 8,0,0.0,0,0.0
1,large,14,Channel 9,0,0.0,0,0.0
1,large,14,Channel 10,0,0.0,0,0.0
1,large,14,Channel 11,0,0.0,0,0.0
1,large,14,Channel 12,0,0.0,0,0.0
1,large,14,Channel 13,0,0.0,0,0.0
1,large,14,Channel 14,0,0.0,0,0.0
1,large,15,Channel 1,1,89.0,1.5806677341461182,56.305318364759366
1,large,15,Channel 2,1,95.0,1.6302540302276611,58.27312691061618
1,large,15,Channel 3,0,0.0,0,0.0
1,large,15,Channel 4,0,0.0,0,0.0
1,large,15,Channel 5,0,0.0,0,0.0
1,large,15,Channel 6,0,0.0,0,0.0
1,large,15,Channel 7,0,0.0,0,0.0
1,large,15,Channel 8,0,0.0,0,0.0
1,large,15,Channel 9,0,0.0,0,0.0
1,large,15,Channel 10,0,0.0,0,0.0
1,large,15,Channel 11,0,0.0,0,0.0
1,large,15,Channel 12,0,0.0,0,0.0
1,large,15,Channel 13,0,0.0,0,0.0
1,large,15,Channel 14,0,0.0,0,0.0
1,large,15,Channel 15,0,0.0,0,0.0
1,large,16,Channel 1,1,89.0,1.8282625675201416,48.680097476764374
1,large,16,Channel 2,1,95.0,1.942368507385254,48.90935970120601
1,large,16,Channel 3,0,0.0,0,0.0
1,large,16,Channel 4,0,0.0,0,0.0
1,large,16,Channel 5,0,0.0,0,0.0
1,large,16,Channel 6,0,0.0,0,0.0
1,large,16,Channel 7,0,0.0,0,0.0
1,large,16,Channel 8,0,0.0,0,0.0
1,large,16,Channel 9,0,0.0,0,0.0
1,large,16,Channel 10,0,0.0,0,0.0
1,large,16,Channel 11,0,0.0,0,0.0
1,large,16,Channel 12,0,0.0,0,0.0
1,large,16,Channel 13,0,0.0,0,0.0
1,large,16,Channel 14,0,0.0,0,0.0
1,large,16,Channel 15,0,0.0,0,0.0
1,large,16,Channel 16,0,0.0,0,0.0
1,large,17,Channel 1,1,89.0,1.6575350761413574,53.69418800305975
1,large,17,Channel 2,1,95.0,1.7528250217437744,54.198222196469175
1,large,17,Channel 3,0,0.0,0,0.0
1,large,17,Channel 4,0,0.0,0,0.0
1,large,17,Channel 5,0,0.0,0,0.0
1,large,17,Channel 6,0,0.0,0,0.0
1,large,17,Channel 7,0,0.0,0,0.0
1,large,17,Channel 8,0,0.0,0,0.0
1,large,17,Channel 9,0,0.0,0,0.0
1,large,17,Channel 10,0,0.0,0,0.0
1,large,17,Channel 11,0,0.0,0,0.0
1,large,17,Channel 12,0,0.0,0,0.0
1,large,17,Channel 13,0,0.0,0,0.0
1,large,17,Channel 14,0,0.0,0,0.0
1,large,17,Channel 15,0,0.0,0,0.0
1,large,17,Channel 16,0,0.0,0,0.0
1,large,17,Channel 17,0,0.0,0,0.0
1,large,18,Channel 1,1,89.0,1.2258849143981934,72.60061605676218
1,large,18,Channel 2,1,95.0,1.2831499576568604,74.0365531192301
1,large,18,Channel 3,0,0.0,0,0.0
1,large,18,Channel 4,0,0.0,0,0.0
1,large,18,Channel 5,0,0.0,0,0.0
1,large,18,Channel 6,0,0.0,0,0.0
1,large,18,Channel 7,0,0.0,0,0.0
1,large,18,Channel 8,0,0.0,0,0.0
1,large,18,Channel 9,0,0.0,0,0.0
1,large,18,Channel 10,0,0.0,0,0.0
1,large,18,Channel 11,0,0.0,0,0.0
1,large,18,Channel 12,0,0.0,0,0.0
1,large,18,Channel 13,0,0.0,0,0.0
1,large,18,Channel 14,0,0.0,0,0.0
1,large,18,Channel 15,0,0.0,0,0.0
1,large,18,Channel 16,0,0.0,0,0.0
1,large,18,Channel 17,0,0.0,0,0.0
1,large,18,Channel 18,0,0.0,0,0.0
1,large,19,Channel 1,1,89.0,1.4021234512329102,63.475152577856704
1,large,19,Channel 2,1,95.0,1.4829967021942139,64.05948162894752
1,large,19,Channel 3,0,0.0,0,0.0
1,large,19,Channel 4,0,0.0,0,0.0
1,large,19,Channel 5,0,0.0,0,0.0
1,large,19,Channel 6,0,0.0,0,0.0
1,large,19,Channel 7,0,0.0,0,0.0
1,large,19,Channel 8,0,0.0,0,0.0
1,large,19,Channel 9,0,0.0,0,0.0
1,large,19,Channel 10,0,0.0,0,0.0
1,large,19,Channel 11,0,0.0,0,0.0
1,large,19,Channel 12,0,0.0,0,0.0
1,large,19,Channel 13,0,0.0,0,0.0
1,large,19,Channel 14,0,0.0,0,0.0
1,large,19,Channel 15,0,0.0,0,0.0
1,large,19,Channel 16,0,0.0,0,0.0
1,large,19,Channel 17,0,0.0,0,0.0
1,large,19,Channel 18,0,0.0,0,0.0
1,large,19,Channel 19,0,0.0,0,0.0
1,large,20,Channel 1,1,89.0,45.417941093444824,1.9595780402481824
1,large,20,Channel 2,1,95.0,45.44391107559204,2.0904890831683844
1,large,20,Channel 3,0,0.0,0,0.0
1,large,20,Channel 4,0,0.0,0,0.0
1,large,20,Channel 5,0,0.0,0,0.0
1,large,20,Channel 6,0,0.0,0,0.0
1,large,20,Channel 7,0,0.0,0,0.0
1,large,20,Channel 8,0,0.0,0,0.0
1,large,20,Channel 9,0,0.0,0,0.0
1,large,20,Channel 10,0,0.0,0,0.0
1,large,20,Channel 11,0,0.0,0,0.0
1,large,20,Channel 12,0,0.0,0,0.0
1,large,20,Channel 13,0,0.0,0,0.0
1,large,20,Channel 14,0,0.0,0,0.0
1,large,20,Channel 15,0,0.0,0,0.0
1,large,20,Channel 16,0,0.0,0,0.0
1,large,20,Channel 17,0,0.0,0,0.0
1,large,20,Channel 18,0,0.0,0,0.0
1,large,20,Channel 19,0,0.0,0,0.0
1,large,20,Channel 20,0,0.0,0,0.0
2,small,1,Channel 1,10,68.0,0.9857673645019531,68.98179271166698
2,small,2,Channel 1,5,37.0,1.0678668022155762,34.64851601644847
2,small,2,Channel 2,5,31.0,1.0073063373565674,30.77514639821688
2,small,3,Channel 1,4,28.0,1.081620216369629,25.88709010449134
2,small,3,Channel 2,3,20.0,0.9616434574127197,20.797728977233987
2,small,3,Channel 3,3,20.0,0.8951399326324463,22.34287542192826
2,small,4,Channel 1,3,20.0,0.8641774654388428,23.143394499234816
2,small,4,Channel 2,3,23.0,0.934699535369873,24.606837951298
2,small,4,Channel 3,2,11.0,0.7040371894836426,15.624174637802385
2,small,4,Channel 4,2,14.0,0.7498319149017334,18.67085105577924
2,small,5,Channel 1,2,13.0,1.0793559551239014,12.044219460954107
2,small,5,Channel 2,2,15.0,1.0557260513305664,14.20823136939266
2,small,5,Channel 3,2,15.0,1.0312252044677734,14.545804286990506
2,small,5,Channel 4,2,11.0,0.935687780380249,11.756058196602472
2,small,5,Channel 5,2,14.0,1.0436370372772217,13.414625487540238
2,small,6,Channel 1,2,13.0,1.0112330913543701,12.855591961086608
2,small,6,Channel 2,2,15.0,1.040635585784912,14.414267784900002
2,small,6,Channel 3,2,15.0,1.029764175415039,14.566441869037012
2,small,6,Channel 4,2,11.0,0.9731841087341309,11.303102774980829
2,small,6,Channel 5,1,5.0,0.6241292953491211,8.01116056762427
2,small,6,Channel 6,1,9.0,0.7911615371704102,11.37567939941634
2,small,7,Channel 1,2,13.0,1.045022964477539,12.439918013188706
2,small,7,Channel 2,2,15.0,1.0232548713684082,14.659104412510992
2,small,7,Channel 3,2,15.0,1.0501492023468018,14.283684610223979
2,small,7,Channel 4,1,5.0,0.6224315166473389,8.033012253190469
2,small,7,Channel 5,1,6.0,0.6397049427032471,9.379324121907468
2,small,7,Channel 6,1,5.0,0.5867321491241455,8.521776090612788
2,small,7,Channel 7,1,9.0,0.910740852355957,9.882064669349443
2,small,8,Channel 1,2,13.0,0.9159092903137207,14.193545296988079
2,small,8,Channel 2,2,15.0,1.0357263088226318,14.48259049927132
2,small,8,Channel 3,1,9.0,0.8683366775512695,10.364643383923639
2,small,8,Channel 4,1,6.0,0.6013157367706299,9.978119036469991
2,small,8,Channel 5,1,5.0,0.5668923854827881,8.820016158343353
2,small,8,Channel 6,1,6.0,0.7003417015075684,8.567246512786959
2,small,8,Channel 7,1,5.0,0.6317877769470215,7.914049911129057
2,small,8,Channel 8,1,9.0,0.8280394077301025,10.869047917262325
2,small,9,Channel 1,2,13.0,1.0098698139190674,12.872946414300726
2,small,9,Channel 2,1,7.0,0.7068328857421875,9.90333095870302
2,small,9,Channel 3,1,8.0,0.8897790908813477,8.990995722405442
2,small,9,Channel 4,1,9.0,0.9630911350250244,9.344910022213162
2,small,9,Channel 5,1,6.0,0.8612821102142334,6.966358558762556
2,small,9,Channel 6,1,5.0,0.8102385997772217,6.171021722952683
2,small,9,Channel 7,1,6.0,0.832935094833374,7.203442425727398
2,small,9,Channel 8,1,5.0,0.7150626182556152,6.992394613212234
2,small,9,Channel 9,1,9.0,0.8943796157836914,10.062841148401887
2,small,10,Channel 1,1,5.0,0.539400577545166,9.269548843931913
2,small,10,Channel 2,1,8.0,1.0983173847198486,7.283869044866831
2,small,10,Channel 3,1,7.0,0.9334049224853516,7.499424774149779
2,small,10,Channel 4,1,8.0,1.115692138671875,7.170436828140813
2,small,10,Channel 5,1,9.0,1.1308577060699463,7.9585609680970135
2,small,10,Channel 6,1,6.0,0.8383903503417969,7.1565709189686
2,small,10,Channel 7,1,5.0,0.761223316192627,6.568374737926122
2,small,10,Channel 8,1,6.0,0.9178526401519775,6.536997048901579
2,small,10,Channel 9,1,5.0,0.8371536731719971,5.97261907847202
2,small,10,Channel 10,1,9.0,1.07676362991333,8.358380381704032
2,small,11,Channel 1,1,5.0,0.2548401355743408,19.620143384131197
2,small,11,Channel 2,1,8.0,0.9738602638244629,8.214730898438207
2,small,11,Channel 3,1,7.0,1.0413942337036133,6.721757979305501
2,small,11,Channel 4,1,8.0,1.0629281997680664,7.5263785472486475
2,small,11,Channel 5,1,9.0,1.0980730056762695,8.196176350275705
2,small,11,Channel 6,1,6.0,1.0457789897918701,5.737349916729647
2,small,11,Channel 7,1,5.0,0.792513370513916,6.309041823177926
2,small,11,Channel 8,1,6.0,1.037602424621582,5.782561661021778
2,small,11,Channel 9,1,5.0,0.8992884159088135,5.559951525614884
2,small,11,Channel 10,1,9.0,1.0415902137756348,8.640634177404683
2,small,11,Channel 11,0,0.0,0,0.0
2,small,12,Channel 1,1,5.0,0.6006999015808105,8.323623804235572
2,small,12,Channel 2,1,8.0,0.8874359130859375,9.014735466565794
2,small,12,Channel 3,1,7.0,0.8508718013763428,8.226856253406243
2,small,12,Channel 4,1,8.0,0.9111993312835693,8.779637698735716
2,small,12,Channel 5,1,9.0,0.9444334506988525,9.529522692509746
2,small,12,Channel 6,1,6.0,0.8375062942504883,7.164125262329635
2,small,12,Channel 7,1,5.0,0.7382948398590088,6.772362110718319
2,small,12,Channel 8,1,6.0,0.7901391983032227,7.5935987138527565
2,small,12,Channel 9,1,5.0,0.7379603385925293,6.77543187420644
2,small,12,Channel 10,1,9.0,0.8205921649932861,10.967689412527642
2,small,12,Channel 11,0,0.0,0,0.0
2,small,12,Channel 12,0,0.0,0,0.0
2,small,13,Channel 1,1,5.0,0.690805196762085,7.237930495363677
2,small,13,Channel 2,1,8.0,1.005603551864624,7.9554213836716565
2,small,13,Channel 3,1,7.0,0.9601411819458008,7.290594478838993
2,small,13,Channel 4,1,8.0,1.0054137706756592,7.956923043359384
2,small,13,Channel 5,1,9.0,1.0054752826690674,8.950990795227908
2,small,13,Channel 6,1,6.0,0.889409065246582,6.746052221017721
2,small,13,Channel 7,1,5.0,0.8494842052459717,5.885924622403343
2,small,13,Channel 8,1,6.0,0.9315624237060547,6.440792208137885
2,small,13,Channel 9,1,5.0,0.7847764492034912,6.371241141441935
2,small,13,Channel 10,1,9.0,0.9598827362060547,9.37614529413518
2,small,13,Channel 11,0,0.0,0,0.0
2,small,13,Channel 12,0,0.0,0,0.0
2,small,13,Channel 13,0,0.0,0,0.0
2,small,14,Channel 1,1,5.0,0.5900886058807373,8.473303755013614
2,small,14,Channel 2,1,8.0,0.8752202987670898,9.140555824938572
2,small,14,Channel 3,1,7.0,0.8302435874938965,8.43126054261932
2,small,14,Channel 4,1,8.0,0.8773207664489746,9.11867164888919
2,small,14,Channel 5,1,9.0,0.8986556529998779,10.014959534229094
2,small,14,Channel 6,1,6.0,0.7849228382110596,7.6440634772136
2,small,14,Channel 7,1,5.0,0.7111811637878418,7.030557408704922
2,small,14,Channel 8,1,6.0,0.7946512699127197,7.550481861885161
2,small,14,Channel 9,1,5.0,0.6868441104888916,7.279672233690741
2,small,14,Channel 10,1,9.0,0.8219335079193115,10.949790844740109
2,small,14,Channel 11,0,0.0,0,0.0
2,small,14,Channel 12,0,0.0,0,0.0
2,small,14,Channel 13,0,0.0,0,0.0
2,small,14,Channel 14,0,0.0,0,0.0
2,small,15,Channel 1,1,5.0,0.7196364402770996,6.947952771922896
2,small,15,Channel 2,1,8.0,0.938678503036499,8.522619804460284
2,small,15,Channel 3,1,7.0,1.0342488288879395,6.7681971731373824
2,small,15,Channel 4,1,8.0,1.0552527904510498,7.581121862355404
2,small,15,Channel 5,1,9.0,1.0536584854125977,8.541667081507656
2,small,15,Channel 6,1,6.0,0.959296464920044,6.2545836656451055
2,small,15,Channel 7,1,5.0,0.8628995418548584,5.794417261193784
2,small,15,Channel 8,1,6.0,0.9470374584197998,6.3355466530452045
2,small,15,Channel 9,1,5.0,0.8632888793945312,5.791804017569132
2,small,15,Channel 10,1,9.0,0.991657018661499,9.07571855050031
2,small,15,Channel 11,0,0.0,0,0.0
2,small,15,Channel 12,0,0.0,0,0.0
2,small,15,Channel 13,0,0.0,0,0.0
2,small,15,Channel 14,0,0.0,0,0.0
2,small,15,Channel 15,0,0.0,0,0.0
2,small,16,Channel 1,1,5.0,0.4941082000732422,10.119241087799889
2,small,16,Channel 2,1,8.0,0.7347757816314697,10.8876751248348
2,small,16,Channel 3,1,7.0,0.7299106121063232,9.590215409801901
2,small,16,Channel 4,1,8.0,0.7468693256378174,10.711378450531619
2,small,16,Channel 5,1,9.0,0.7665643692016602,11.740697013315485
2,small,16,Channel 6,1,6.0,0.6679308414459229,8.982965941520717
2,small,16,Channel 7,1,5.0,0.5967831611633301,8.378252479934801
2,small,16,Channel 8,1,6.0,0.673006534576416,8.91521804283274
2,small,16,Channel 9,1,5.0,0.6141257286071777,8.141655311103605
2,small,16,Channel 10,1,9.0,0.7094383239746094,12.686092216695792
2,small,16,Channel 11,0,0.0,0,0.0
2,small,16,Channel 12,0,0.0,0,0.0
2,small,16,Channel 13,0,0.0,0,0.0
2,small,16,Channel 14,0,0.0,0,0.0
2,small,16,Channel 15,0,0.0,0,0.0
2,small,16,Channel 16,0,0.0,0,0.0
2,small,17,Channel 1,1,5.0,0.19548940658569336,25.576833483343943
2,small,17,Channel 2,1,8.0,0.7305941581726074,10.949991743719842
2,small,17,Channel 3,1,7.0,0.7270488739013672,9.627963471613372
2,small,17,Channel 4,1,8.0,0.7513306140899658,10.647775892494199
2,small,17,Channel 5,1,9.0,0.789726734161377,11.39634712956405
2,small,17,Channel 6,1,6.0,0.42565417289733887,14.095950144595683
2,small,17,Channel 7,1,5.0,0.43045806884765625,11.615533223445171
2,small,17,Channel 8,1,6.0,0.7044773101806641,8.516952800738597
2,small,17,Channel 9,1,5.0,0.6343462467193604,7.8821306594914535
2,small,17,Channel 10,1,9.0,0.7661275863647461,11.747390591565496
2,small,17,Channel 11,0,0.0,0,0.0
2,small,17,Channel 12,0,0.0,0,0.0
2,small,17,Channel 13,0,0.0,0,0.0
2,small,17,Channel 14,0,0.0,0,0.0
2,small,17,Channel 15,0,0.0,0,0.0
2,small,17,Channel 16,0,0.0,0,0.0
2,small,17,Channel 17,0,0.0,0,0.0
2,small,18,Channel 1,1,5.0,0.5015604496002197,9.968888105083574
2,small,18,Channel 2,1,8.0,0.8643286228179932,9.255738834515732
2,small,18,Channel 3,1,7.0,0.7754616737365723,9.026880679054592
2,small,18,Channel 4,1,8.0,0.8391423225402832,9.533543697071671
2,small,18,Channel 5,1,9.0,0.8469269275665283,10.626654681838566
2,small,18,Channel 6,1,6.0,0.7836668491363525,7.65631467837686
2,small,18,Channel 7,1,5.0,0.6220498085021973,8.037941546898391
2,small,18,Channel 8,1,6.0,0.7435407638549805,8.069497049351062
2,small,18,Channel 9,1,5.0,0.652085542678833,7.667705650181259
2,small,18,Channel 10,1,9.0,0.751457929611206,11.976718383498163
2,small,18,Channel 11,0,0.0,0,0.0
2,small,18,Channel 12,0,0.0,0,0.0
2,small,18,Channel 13,0,0.0,0,0.0
2,small,18,Channel 14,0,0.0,0,0.0
2,small,18,Channel 15,0,0.0,0,0.0
2,small,18,Channel 16,0,0.0,0,0.0
2,small,18,Channel 17,0,0.0,0,0.0
2,small,18,Channel 18,0,0.0,0,0.0
2,small,19,Channel 1,1,5.0,0.5881655216217041,8.501008332167924
2,small,19,Channel 2,1,8.0,0.7830538749694824,10.216410716710623
2,small,19,Channel 3,1,7.0,0.7605009078979492,9.204459754490289
2,small,19,Channel 4,1,8.0,0.7645277976989746,10.463975311398583
2,small,19,Channel 5,1,9.0,0.7634336948394775,11.788843040118074
2,small,19,Channel 6,1,6.0,0.6694180965423584,8.963008366506479
2,small,19,Channel 7,1,5.0,0.6009440422058105,8.320242233614835
2,small,19,Channel 8,1,6.0,0.6838502883911133,8.773850215251253
2,small,19,Channel 9,1,5.0,0.6041483879089355,8.276112458573108
2,small,19,Channel 10,1,9.0,0.6998908519744873,12.859147929437533
2,small,19,Channel 11,0,0.0,0,0.0
2,small,19,Channel 12,0,0.0,0,0.0
2,small,19,Channel 13,0,0.0,0,0.0
2,small,19,Channel 14,0,0.0,0,0.0
2,small,19,Channel 15,0,0.0,0,0.0
2,small,19,Channel 16,0,0.0,0,0.0
2,small,19,Channel 17,0,0.0,0,0.0
2,small,19,Channel 18,0,0.0,0,0.0
2,small,19,Channel 19,0,0.0,0,0.0
2,small,20,Channel 1,1,5.0,0.3677229881286621,13.597191803115003
2,small,20,Channel 2,1,8.0,0.6502320766448975,12.303299525423032
2,small,20,Channel 3,1,7.0,0.5929074287414551,11.806227516593387
2,small,20,Channel 4,1,8.0,0.6489276885986328,12.328029980160188
2,small,20,Channel 5,1,9.0,0.6408045291900635,14.044844550920127
2,small,20,Channel 6,1,6.0,0.6024641990661621,9.959098000014247
2,small,20,Channel 7,1,5.0,0.4486515522003174,11.144506188552228
2,small,20,Channel 8,1,6.0,0.549644947052002,10.916137830759208
2,small,20,Channel 9,1,5.0,0.49574971199035645,10.085734553280512
2,small,20,Channel 10,1,9.0,0.5561139583587646,16.183733324301578
2,small,20,Channel 11,0,0.0,0,0.0
2,small,20,Channel 12,0,0.0,0,0.0
2,small,20,Channel 13,0,0.0,0,0.0
2,small,20,Channel 14,0,0.0,0,0.0
2,small,20,Channel 15,0,0.0,0,0.0
2,small,20,Channel 16,0,0.0,0,0.0
2,small,20,Channel 17,0,0.0,0,0.0
2,small,20,Channel 18,0,0.0,0,0.0
2,small,20,Channel 19,0,0.0,0,0.0
2,small,20,Channel 20,0,0.0,0,0.0
2,medium,1,Channel 1,5,153.0,1.4921927452087402,102.53367099609983
2,medium,2,Channel 1,3,82.0,38.78049278259277,2.1144651374003938
2,medium,2,Channel 2,2,71.0,38.58398151397705,1.8401418727167969
2,medium,3,Channel 1,2,69.0,2.032719135284424,33.944679716091386
2,medium,3,Channel 2,2,44.0,1.6728839874267578,26.301883651645873
2,medium,3,Channel 3,1,40.0,1.5021822452545166,26.627927554304673
2,medium,4,Channel 1,2,69.0,1.9943857192993164,34.59711896866251
2,medium,4,Channel 2,1,13.0,0.6383240222930908,20.365832313970103
2,medium,4,Channel 3,1,31.0,1.4729154109954834,21.046694038626676
2,medium,4,Channel 4,1,40.0,1.6796314716339111,23.81474786316597
2,medium,5,Channel 1,1,33.0,2.290637731552124,14.406468358328915
2,medium,5,Channel 2,1,36.0,2.322261095046997,15.502132846639041
2,medium,5,Channel 3,1,13.0,1.2385151386260986,10.496440127830066
2,medium,5,Channel 4,1,31.0,2.1922130584716797,14.140961290328194
2,medium,5,Channel 5,1,40.0,2.3267226219177246,17.191563628255487
2,medium,6,Channel 1,1,33.0,2.1508662700653076,15.342655403210172
2,medium,6,Channel 2,1,36.0,2.185771942138672,16.470153773122252
2,medium,6,Channel 3,1,13.0,1.0860660076141357,11.969806539252925
2,medium,6,Channel 4,1,31.0,2.0470035076141357,15.144087386607234
2,medium,6,Channel 5,1,40.0,2.21012020111084,18.098563136925943
2,medium,6,Channel 6,0,0.0,0,0.0
2,medium,7,Channel 1,1,33.0,1.756993293762207,18.7820864867036
2,medium,7,Channel 2,1,36.0,2.04660701751709,17.590089202212653
2,medium,7,Channel 3,1,13.0,0.8717339038848877,14.912807614875843
2,medium,7,Channel 4,1,31.0,1.859877109527588,16.667767908533513
2,medium,7,Channel 5,1,40.0,2.028433322906494,19.719652378163925
2,medium,7,Channel 6,0,0.0,0,0.0
2,medium,7,Channel 7,0,0.0,0,0.0
2,medium,8,Channel 1,1,33.0,1.887002944946289,17.48804901888444
2,medium,8,Channel 2,1,36.0,1.9453153610229492,18.505996879122623
2,medium,8,Channel 3,1,13.0,1.0573348999023438,12.295063750568236
2,medium,8,Channel 4,1,31.0,1.8032724857330322,17.190968223195878
2,medium,8,Channel 5,1,40.0,1.9458627700805664,20.55643420236867
2,medium,8,Channel 6,0,0.0,0,0.0
2,medium,8,Channel 7,0,0.0,0,0.0
2,medium,8,Channel 8,0,0.0,0,0.0
2,medium,9,Channel 1,1,33.0,1.3280892372131348,24.84772790512727
2,medium,9,Channel 2,1,36.0,1.4725127220153809,24.448006093100478
2,medium,9,Channel 3,1,13.0,0.8142318725585938,15.965967973164172
2,medium,9,Channel 4,1,31.0,1.3820111751556396,22.431077662240202
2,medium,9,Channel 5,1,40.0,1.4320297241210938,27.93238109952637
2,medium,9,Channel 6,0,0.0,0,0.0
2,medium,9,Channel 7,0,0.0,0,0.0
2,medium,9,Channel 8,0,0.0,0,0.0
2,medium,9,Channel 9,0,0.0,0,0.0
2,medium,10,Channel 1,1,33.0,1.653045892715454,19.96314811671138
2,medium,10,Channel 2,1,36.0,1.7967820167541504,20.035819406203352
2,medium,10,Channel 3,1,13.0,0.9136364459991455,14.228854438685733
2,medium,10,Channel 4,1,31.0,1.6477086544036865,18.81400569035613
2,medium,10,Channel 5,1,40.0,1.8118202686309814,22.077245018472034
2,medium,10,Channel 6,0,0.0,0,0.0
2,medium,10,Channel 7,0,0.0,0,0.0
2,medium,10,Channel 8,0,0.0,0,0.0
2,medium,10,Channel 9,0,0.0,0,0.0
2,medium,10,Channel 10,0,0.0,0,0.0
2,medium,11,Channel 1,1,33.0,1.1581096649169922,28.49471082029635
2,medium,11,Channel 2,1,36.0,1.2154738903045654,29.618077596861713
2,medium,11,Channel 3,1,13.0,0.5931053161621094,21.918535622174055
2,medium,11,Channel 4,1,31.0,1.0289602279663086,30.127500711344343
2,medium,11,Channel 5,1,40.0,1.203782320022583,33.22859900388768
2,medium,11,Channel 6,0,0.0,0,0.0
2,medium,11,Channel 7,0,0.0,0,0.0
2,medium,11,Channel 8,0,0.0,0,0.0
2,medium,11,Channel 9,0,0.0,0,0.0
2,medium,11,Channel 10,0,0.0,0,0.0
2,medium,11,Channel 11,0,0.0,0,0.0
2,medium,12,Channel 1,1,33.0,1.3506889343261719,24.431976276212666
2,medium,12,Channel 2,1,36.0,41.35552191734314,0.8705004393839554
2,medium,12,Channel 3,1,13.0,0.7351622581481934,17.68317110394896
2,medium,12,Channel 4,1,31.0,1.415515661239624,21.90014624977872
2,medium,12,Channel 5,1,40.0,41.31892800331116,0.9680793266658452
2,medium,12,Channel 6,0,0.0,0,0.0
2,medium,12,Channel 7,0,0.0,0,0.0
2,medium,12,Channel 8,0,0.0,0,0.0
2,medium,12,Channel 9,0,0.0,0,0.0
2,medium,12,Channel 10,0,0.0,0,0.0
2,medium,12,Channel 11,0,0.0,0,0.0
2,medium,12,Channel 12,0,0.0,0,0.0
2,medium,13,Channel 1,1,33.0,1.758781909942627,18.76298579911849
2,medium,13,Channel 2,1,36.0,1.7820613384246826,20.201324849919867
2,medium,13,Channel 3,1,13.0,0.8251776695251465,15.754182983988077
2,medium,13,Channel 4,1,31.0,1.7065484523773193,18.16532074247012
2,medium,13,Channel 5,1,40.0,1.8881876468658447,21.184335183208617
2,medium,13,Channel 6,0,0.0,0,0.0
2,medium,13,Channel 7,0,0.0,0,0.0
2,medium,13,Channel 8,0,0.0,0,0.0
2,medium,13,Channel 9,0,0.0,0,0.0
2,medium,13,Channel 10,0,0.0,0,0.0
2,medium,13,Channel 11,0,0.0,0,0.0
2,medium,13,Channel 12,0,0.0,0,0.0
2,medium,13,Channel 13,0,0.0,0,0.0
2,medium,14,Channel 1,1,33.0,1.9764375686645508,16.696707512141455
2,medium,14,Channel 2,1,36.0,2.055717945098877,17.512130049664208
2,medium,14,Channel 3,1,13.0,0.9312238693237305,13.96012326170377
2,medium,14,Channel 4,1,31.0,1.9743006229400635,15.701762760848355
2,medium,14,Channel 5,1,40.0,2.0111851692199707,19.88877036892323
2,medium,14,Channel 6,0,0.0,0,0.0
2,medium,14,Channel 7,0,0.0,0,0.0
2,medium,14,Channel 8,0,0.0,0,0.0
2,medium,14,Channel 9,0,0.0,0,0.0
2,medium,14,Channel 10,0,0.0,0,0.0
2,medium,14,Channel 11,0,0.0,0,0.0
2,medium,14,Channel 12,0,0.0,0,0.0
2,medium,14,Channel 13,0,0.0,0,0.0
2,medium,14,Channel 14,0,0.0,0,0.0
2,medium,15,Channel 1,1,33.0,1.7256672382354736,19.12303790025191
2,medium,15,Channel 2,1,36.0,1.8533709049224854,19.424066658425097
2,medium,15,Channel 3,1,13.0,0.9368481636047363,13.876314759458506
2,medium,15,Channel 4,1,31.0,1.7180352210998535,18.04386756410872
2,medium,15,Channel 5,1,40.0,1.9587864875793457,20.420806582871478
2,medium,15,Channel 6,0,0.0,0,0.0
2,medium,15,Channel 7,0,0.0,0,0.0
2,medium,15,Channel 8,0,0.0,0,0.0
2,medium,15,Channel 9,0,0.0,0,0.0
2,medium,15,Channel 10,0,0.0,0,0.0
2,medium,15,Channel 11,0,0.0,0,0.0
2,medium,15,Channel 12,0,0.0,0,0.0
2,medium,15,Channel 13,0,0.0,0,0.0
2,medium,15,Channel 14,0,0.0,0,0.0
2,medium,15,Channel 15,0,0.0,0,0.0
2,medium,16,Channel 1,1,33.0,2.2388570308685303,14.739663830699433
2,medium,16,Channel 2,1,36.0,2.3611772060394287,15.24663202233151
2,medium,16,Channel 3,1,13.0,0.9699418544769287,13.402865274857794
2,medium,16,Channel 4,1,31.0,2.152038335800171,14.404947850742436
2,medium,16,Channel 5,1,40.0,2.4186692237854004,16.53802000151016
2,medium,16,Channel 6,0,0.0,0,0.0
2,medium,16,Channel 7,0,0.0,0,0.0
2,medium,16,Channel 8,0,0.0,0,0.0
2,medium,16,Channel 9,0,0.0,0,0.0
2,medium,16,Channel 10,0,0.0,0,0.0
2,medium,16,Channel 11,0,0.0,0,0.0
2,medium,16,Channel 12,0,0.0,0,0.0
2,medium,16,Channel 13,0,0.0,0,0.0
2,medium,16,Channel 14,0,0.0,0,0.0
2,medium,16,Channel 15,0,0.0,0,0.0
2,medium,16,Channel 16,0,0.0,0,0.0
2,medium,17,Channel 1,1,33.0,1.9604606628417969,16.832778451246586
2,medium,17,Channel 2,1,36.0,2.026038646697998,17.768664017674176
2,medium,17,Channel 3,1,13.0,1.1420564651489258,11.38297483242633
2,medium,17,Channel 4,1,31.0,1.856308937072754,16.699806471267895
2,medium,17,Channel 5,1,40.0,2.017761468887329,19.823948775301737
2,medium,17,Channel 6,0,0.0,0,0.0
2,medium,17,Channel 7,0,0.0,0,0.0
2,medium,17,Channel 8,0,0.0,0,0.0
2,medium,17,Channel 9,0,0.0,0,0.0
2,medium,17,Channel 10,0,0.0,0,0.0
2,medium,17,Channel 11,0,0.0,0,0.0
2,medium,17,Channel 12,0,0.0,0,0.0
2,medium,17,Channel 13,0,0.0,0,0.0
2,medium,17,Channel 14,0,0.0,0,0.0
2,medium,17,Channel 15,0,0.0,0,0.0
2,medium,17,Channel 16,0,0.0,0,0.0
2,medium,17,Channel 17,0,0.0,0,0.0
2,medium,18,Channel 1,1,33.0,2.0046050548553467,16.46209557342521
2,medium,18,Channel 2,1,36.0,2.114253282546997,17.02728821432007
2,medium,18,Channel 3,1,13.0,0.9727046489715576,13.364796820643269
2,medium,18,Channel 4,1,31.0,1.9986498355865479,15.510470842883974
2,medium,18,Channel 5,1,40.0,2.1145551204681396,18.916508542536565
2,medium,18,Channel 6,0,0.0,0,0.0
2,medium,18,Channel 7,0,0.0,0,0.0
2,medium,18,Channel 8,0,0.0,0,0.0
2,medium,18,Channel 9,0,0.0,0,0.0
2,medium,18,Channel 10,0,0.0,0,0.0
2,medium,18,Channel 11,0,0.0,0,0.0
2,medium,18,Channel 12,0,0.0,0,0.0
2,medium,18,Channel 13,0,0.0,0,0.0
2,medium,18,Channel 14,0,0.0,0,0.0
2,medium,18,Channel 15,0,0.0,0,0.0
2,medium,18,Channel 16,0,0.0,0,0.0
2,medium,18,Channel 17,0,0.0,0,0.0
2,medium,18,Channel 18,0,0.0,0,0.0
2,medium,19,Channel 1,1,33.0,2.2631113529205322,14.581695221233232
2,medium,19,Channel 2,1,36.0,2.4215269088745117,14.866652882553447
2,medium,19,Channel 3,1,13.0,1.1267237663269043,11.537876796883166
2,medium,19,Channel 4,1,31.0,2.2843658924102783,13.57050554072636
2,medium,19,Channel 5,1,40.0,2.32656192779541,17.19275103839723
2,medium,19,Channel 6,0,0.0,0,0.0
2,medium,19,Channel 7,0,0.0,0,0.0
2,medium,19,Channel 8,0,0.0,0,0.0
2,medium,19,Channel 9,0,0.0,0,0.0
2,medium,19,Channel 10,0,0.0,0,0.0
2,medium,19,Channel 11,0,0.0,0,0.0
2,medium,19,Channel 12,0,0.0,0,0.0
2,medium,19,Channel 13,0,0.0,0,0.0
2,medium,19,Channel 14,0,0.0,0,0.0
2,medium,19,Channel 15,0,0.0,0,0.0
2,medium,19,Channel 16,0,0.0,0,0.0
2,medium,19,Channel 17,0,0.0,0,0.0
2,medium,19,Channel 18,0,0.0,0,0.0
2,medium,19,Channel 19,0,0.0,0,0.0
2,medium,20,Channel 1,1,33.0,1.6214914321899414,20.35163390005158
2,medium,20,Channel 2,1,36.0,1.798478603363037,20.01691870711298
2,medium,20,Channel 3,1,13.0,0.8455514907836914,15.374581136331594
2,medium,20,Channel 4,1,31.0,1.6076641082763672,19.282634874044792
2,medium,20,Channel 5,1,40.0,1.7546513080596924,22.796552121932603
2,medium,20,Channel 6,0,0.0,0,0.0
2,medium,20,Channel 7,0,0.0,0,0.0
2,medium,20,Channel 8,0,0.0,0,0.0
2,medium,20,Channel 9,0,0.0,0,0.0
2,medium,20,Channel 10,0,0.0,0,0.0
2,medium,20,Channel 11,0,0.0,0,0.0
2,medium,20,Channel 12,0,0.0,0,0.0
2,medium,20,Channel 13,0,0.0,0,0.0
2,medium,20,Channel 14,0,0.0,0,0.0
2,medium,20,Channel 15,0,0.0,0,0.0
2,medium,20,Channel 16,0,0.0,0,0.0
2,medium,20,Channel 17,0,0.0,0,0.0
2,medium,20,Channel 18,0,0.0,0,0.0
2,medium,20,Channel 19,0,0.0,0,0.0
2,medium,20,Channel 20,0,0.0,0,0.0
2,large,1,Channel 1,2,184.0,1.3909831047058105,132.28054271652388
2,large,2,Channel 1,1,89.0,1.899808406829834,46.846829227644186
2,large,2,Channel 2,1,95.0,1.8798644542694092,50.53555844637789
2,large,3,Channel 1,1,89.0,40.66834235191345,2.1884344149033783
2,large,3,Channel 2,1,95.0,40.760666370391846,2.330678285206031
2,large,3,Channel 3,0,0.0,0,0.0
2,large,4,Channel 1,1,89.0,2.5075416564941406,35.492929806172484
2,large,4,Channel 2,1,95.0,2.5987002849578857,36.556735899822925
2,large,4,Channel 3,0,0.0,0,0.0
2,large,4,Channel 4,0,0.0,0,0.0
2,large,5,Channel 1,1,89.0,2.2864322662353516,38.925272930363235
2,large,5,Channel 2,1,95.0,2.3222949504852295,40.907809742319905
2,large,5,Channel 3,0,0.0,0,0.0
2,large,5,Channel 4,0,0.0,0,0.0
2,large,5,Channel 5,0,0.0,0,0.0
2,large,6,Channel 1,1,89.0,2.5937345027923584,34.31345802902515
2,large,6,Channel 2,1,95.0,2.756456136703491,34.46454261870195
2,large,6,Channel 3,0,0.0,0,0.0
2,large,6,Channel 4,0,0.0,0,0.0
2,large,6,Channel 5,0,0.0,0,0.0
2,large,6,Channel 6,0,0.0,0,0.0
2,large,7,Channel 1,1,89.0,2.272484064102173,39.164191030383606
2,large,7,Channel 2,1,95.0,2.317598342895508,40.99070932252699
2,large,7,Channel 3,0,0.0,0,0.0
2,large,7,Channel 4,0,0.0,0,0.0
2,large,7,Channel 5,0,0.0,0,0.0
2,large,7,Channel 6,0,0.0,0,0.0
2,large,7,Channel 7,0,0.0,0,0.0
2,large,8,Channel 1,1,89.0,2.3732056617736816,37.502017390892014
2,large,8,Channel 2,1,95.0,2.4426724910736084,38.891828661911774
2,large,8,Channel 3,0,0.0,0,0.0
2,large,8,Channel 4,0,0.0,0,0.0
2,large,8,Channel 5,0,0.0,0,0.0
2,large,8,Channel 6,0,0.0,0,0.0
2,large,8,Channel 7,0,0.0,0,0.0
2,large,8,Channel 8,0,0.0,0,0.0
2,large,9,Channel 1,1,89.0,1.872370958328247,47.5333157695759
2,large,9,Channel 2,1,95.0,1.944734811782837,48.84984802267652
2,large,9,Channel 3,0,0.0,0,0.0
2,large,9,Channel 4,0,0.0,0,0.0
2,large,9,Channel 5,0,0.0,0,0.0
2,large,9,Channel 6,0,0.0,0,0.0
2,large,9,Channel 7,0,0.0,0,0.0
2,large,9,Channel 8,0,0.0,0,0.0
2,large,9,Channel 9,0,0.0,0,0.0
2,large,10,Channel 1,1,89.0,1.5690343379974365,56.72278664952035
2,large,10,Channel 2,1,95.0,1.6424751281738281,57.83953642307201
2,large,10,Channel 3,0,0.0,0,0.0
2,large,10,Channel 4,0,0.0,0,0.0
2,large,10,Channel 5,0,0.0,0,0.0
2,large,10,Channel 6,0,0.0,0,0.0
2,large,10,Channel 7,0,0.0,0,0.0
2,large,10,Channel 8,0,0.0,0,0.0
2,large,10,Channel 9,0,0.0,0,0.0
2,large,10,Channel 10,0,0.0,0,0.0
2,large,11,Channel 1,1,89.0,1.374624252319336,64.74496565140232
2,large,11,Channel 2,1,95.0,1.5062839984893799,63.06911584752508
2,large,11,Channel 3,0,0.0,0,0.0
2,large,11,Channel 4,0,0.0,0,0.0
2,large,11,Channel 5,0,0.0,0,0.0
2,large,11,Channel 6,0,0.0,0,0.0
2,large,11,Channel 7,0,0.0,0,0.0
2,large,11,Channel 8,0,0.0,0,0.0
2,large,11,Channel 9,0,0.0,0,0.0
2,large,11,Channel 10,0,0.0,0,0.0
2,large,11,Channel 11,0,0.0,0,0.0
2,large,12,Channel 1,1,89.0,42.262564182281494,2.105882634478508
2,large,12,Channel 2,1,95.0,42.26713800430298,2.2476090051407924
2,large,12,Channel 3,0,0.0,0,0.0
2,large,12,Channel 4,0,0.0,0,0.0
2,large,12,Channel 5,0,0.0,0,0.0
2,large,12,Channel 6,0,0.0,0,0.0
2,large,12,Channel 7,0,0.0,0,0.0
2,large,12,Channel 8,0,0.0,0,0.0
2,large,12,Channel 9,0,0.0,0,0.0
2,large,12,Channel 10,0,0.0,0,0.0
2,large,12,Channel 11,0,0.0,0,0.0
2,large,12,Channel 12,0,0.0,0,0.0
2,large,13,Channel 1,1,89.0,2.2991483211517334,38.70998629414931
2,large,13,Channel 2,1,95.0,2.3598616123199463,40.25659788863926
2,large,13,Channel 3,0,0.0,0,0.0
2,large,13,Channel 4,0,0.0,0,0.0
2,large,13,Channel 5,0,0.0,0,0.0
2,large,13,Channel 6,0,0.0,0,0.0
2,large,13,Channel 7,0,0.0,0,0.0
2,large,13,Channel 8,0,0.0,0,0.0
2,large,13,Channel 9,0,0.0,0,0.0
2,large,13,Channel 10,0,0.0,0,0.0
2,large,13,Channel 11,0,0.0,0,0.0
2,large,13,Channel 12,0,0.0,0,0.0
2,large,13,Channel 13,0,0.0,0,0.0
2,large,14,Channel 1,1,89.0,2.700859546661377,32.95247252305877
2,large,14,Channel 2,1,95.0,2.7204430103302,34.92078298985177
2,large,14,Channel 3,0,0.0,0,0.0
2,large,14,Channel 4,0,0.0,0,0.0
2,large,14,Channel 5,0,0.0,0,0.0
2,large,14,Channel 6,0,0.0,0,0.0
2,large,14,Channel 7,0,0.0,0,0.0
2,large,14,Channel 8,0,0.0,0,0.0
2,large,14,Channel 9,0,0.0,0,0.0
2,large,14,Channel 10,0,0.0,0,0.0
2,large,14,Channel 11,0,0.0,0,0.0
2,large,14,Channel 12,0,0.0,0,0.0
2,large,14,Channel 13,0,0.0,0,0.0
2,large,14,Channel 14,0,0.0,0,0.0
2,large,15,Channel 1,1,89.0,2.152005672454834,41.356768311152265
2,large,15,Channel 2,1,95.0,2.213057279586792,42.92704073964945
2,large,15,Channel 3,0,0.0,0,0.0
2,large,15,Channel 4,0,0.0,0,0.0
2,large,15,Channel 5,0,0.0,0,0.0
2,large,15,Channel 6,0,0.0,0,0.0
2,large,15,Channel 7,0,0.0,0,0.0
2,large,15,Channel 8,0,0.0,0,0.0
2,large,15,Channel 9,0,0.0,0,0.0
2,large,15,Channel 10,0,0.0,0,0.0
2,large,15,Channel 11,0,0.0,0,0.0
2,large,15,Channel 12,0,0.0,0,0.0
2,large,15,Channel 13,0,0.0,0,0.0
2,large,15,Channel 14,0,0.0,0,0.0
2,large,15,Channel 15,0,0.0,0,0.0
2,large,16,Channel 1,1,89.0,2.340312957763672,38.029101921926525
2,large,16,Channel 2,1,95.0,2.478908061981201,38.32332528059705
2,large,16,Channel 3,0,0.0,0,0.0
2,large,16,Channel 4,0,0.0,0,0.0
2,large,16,Channel 5,0,0.0,0,0.0
2,large,16,Channel 6,0,0.0,0,0.0
2,large,16,Channel 7,0,0.0,0,0.0
2,large,16,Channel 8,0,0.0,0,0.0
2,large,16,Channel 9,0,0.0,0,0.0
2,large,16,Channel 10,0,0.0,0,0.0
2,large,16,Channel 11,0,0.0,0,0.0
2,large,16,Channel 12,0,0.0,0,0.0
2,large,16,Channel 13,0,0.0,0,0.0
2,large,16,Channel 14,0,0.0,0,0.0
2,large,16,Channel 15,0,0.0,0,0.0
2,large,16,Channel 16,0,0.0,0,0.0
2,large,17,Channel 1,1,89.0,2.386143207550049,37.29868338094425
2,large,17,Channel 2,1,95.0,2.5721817016601562,36.93362717675987
2,large,17,Channel 3,0,0.0,0,0.0
2,large,17,Channel 4,0,0.0,0,0.0
2,large,17,Channel 5,0,0.0,0,0.0
2,large,17,Channel 6,0,0.0,0,0.0
2,large,17,Channel 7,0,0.0,0,0.0
2,large,17,Channel 8,0,0.0,0,0.0
2,large,17,Channel 9,0,0.0,0,0.0
2,large,17,Channel 10,0,0.0,0,0.0
2,large,17,Channel 11,0,0.0,0,0.0
2,large,17,Channel 12,0,0.0,0,0.0
2,large,17,Channel 13,0,0.0,0,0.0
2,large,17,Channel 14,0,0.0,0,0.0
2,large,17,Channel 15,0,0.0,0,0.0
2,large,17,Channel 16,0,0.0,0,0.0
2,large,17,Channel 17,0,0.0,0,0.0
2,large,18,Channel 1,1,89.0,1.5578389167785645,57.130425387011115
2,large,18,Channel 2,1,95.0,1.5951495170593262,59.55554572409829
2,large,18,Channel 3,0,0.0,0,0.0
2,large,18,Channel 4,0,0.0,0,0.0
2,large,18,Channel 5,0,0.0,0,0.0
2,large,18,Channel 6,0,0.0,0,0.0
2,large,18,Channel 7,0,0.0,0,0.0
2,large,18,Channel 8,0,0.0,0,0.0
2,large,18,Channel 9,0,0.0,0,0.0
2,large,18,Channel 10,0,0.0,0,0.0
2,large,18,Channel 11,0,0.0,0,0.0
2,large,18,Channel 12,0,0.0,0,0.0
2,large,18,Channel 13,0,0.0,0,0.0
2,large,18,Channel 14,0,0.0,0,0.0
2,large,18,Channel 15,0,0.0,0,0.0
2,large,18,Channel 16,0,0.0,0,0.0
2,large,18,Channel 17,0,0.0,0,0.0
2,large,18,Channel 18,0,0.0,0,0.0
2,large,19,Channel 1,1,89.0,1.672760248184204,53.20547286833859
2,large,19,Channel 2,1,95.0,1.7781805992126465,53.42539449708577
2,large,19,Channel 3,0,0.0,0,0.0
2,large,19,Channel 4,0,0.0,0,0.0
2,large,19,Channel 5,0,0.0,0,0.0
2,large,19,Channel 6,0,0.0,0,0.0
2,large,19,Channel 7,0,0.0,0,0.0
2,large,19,Channel 8,0,0.0,0,0.0
2,large,19,Channel 9,0,0.0,0,0.0
2,large,19,Channel 10,0,0.0,0,0.0
2,large,19,Channel 11,0,0.0,0,0.0
2,large,19,Channel 12,0,0.0,0,0.0
2,large,19,Channel 13,0,0.0,0,0.0
2,large,19,Channel 14,0,0.0,0,0.0
2,large,19,Channel 15,0,0.0,0,0.0
2,large,19,Channel 16,0,0.0,0,0.0
2,large,19,Channel 17,0,0.0,0,0.0
2,large,19,Channel 18,0,0.0,0,0.0
2,large,19,Channel 19,0,0.0,0,0.0
2,large,20,Channel 1,1,89.0,1.3935275077819824,63.866697645357185
2,large,20,Channel 2,1,95.0,1.347893476486206,70.48034704319025
2,large,20,Channel 3,0,0.0,0,0.0
2,large,20,Channel 4,0,0.0,0,0.0
2,large,20,Channel 5,0,0.0,0,0.0
2,large,20,Channel 6,0,0.0,0,0.0
2,large,20,Channel 7,0,0.0,0,0.0
2,large,20,Channel 8,0,0.0,0,0.0
2,large,20,Channel 9,0,0.0,0,0.0
2,large,20,Channel 10,0,0.0,0,0.0
2,large,20,Channel 11,0,0.0,0,0.0
2,large,20,Channel 12,0,0.0,0,0.0
2,large,20,Channel 13,0,0.0,0,0.0
2,large,20,Channel 14,0,0.0,0,0.0
2,large,20,Channel 15,0,0.0,0,0.0
2,large,20,Channel 16,0,0.0,0,0.0
2,large,20,Channel 17,0,0.0,0,0.0
2,large,20,Channel 18,0,0.0,0,0.0
2,large,20,Channel 19,0,0.0,0,0.0
2,large,20,Channel 20,0,0.0,0,0.0
